transaction_id,user_id,amount_inr,purchase_time
3967c119-399d-4fec-901a-4afb7865b26f,087102f5-dd63-4ad8-aad6-cd51c08a4ca2,50,2023-12-23 09:24:58
3a6468ed-c961-4f51-99f8-c84d7c23d2f0,087102f5-dd63-4ad8-aad6-cd51c08a4ca2,25,2023-12-30 23:03:31
7c758da3-2cd4-4277-8073-922afe266aae,dfa1b917-ba33-436e-b106-3603a925c1dd,10,2023-06-02 02:55:12
9b80c67a-5eae-41ca-b430-ad09629b6c3d,361b4166-7578-4662-918c-a7bc40e64b1a,499,2023-04-14 16:10:24
1bc7d550-031a-49c5-9d4b-6470059faea0,361b4166-7578-4662-918c-a7bc40e64b1a,10,2023-04-16 02:50:18
c863c58a-3f3b-480e-a49c-7be3cbdcf227,c232d1fb-6793-4157-803f-2f376974eade,10,2023-07-28 15:45:50
9438bb78-4f1b-4329-9e4e-7b7b5c4ecb79,e204c89a-8057-4eb7-997e-371676a455b3,10,2023-11-05 10:36:30
11323935-7767-4a63-94c4-836777b07eaf,85252f4c-6c09-44fb-89bc-c32dcbbbe442,25,2023-08-22 03:48:24
1ac0316b-ec29-4429-b2fd-c18204e0f39a,de3e485a-e68f-4bf2-b44a-2b174ac7758e,50,2023-11-16 08:36:10
d7c7a65d-7ceb-4a8c-9353-0b5a8d855e10,de3e485a-e68f-4bf2-b44a-2b174ac7758e,25,2023-11-17 15:27:45
48d93f54-f1b0-4b89-abd7-fd05525daff5,0dab9a70-9600-4e71-98f3-91163f120891,299,2023-04-18 19:01:33
67a20df7-281d-4ac2-8183-eaa5af408923,0dab9a70-9600-4e71-98f3-91163f120891,50,2023-04-19 02:29:37
7099777b-9701-42d0-ad92-b40a2d164c99,b3d8e9c0-2e89-4f5c-83ae-7f911218677f,10,2023-12-09 22:23:16
b81c9823-54a2-4b70-957a-bfcfbc460009,b3d8e9c0-2e89-4f5c-83ae-7f911218677f,10,2023-12-14 05:03:10
e9c0fdd0-27cb-4761-a14b-8e0bc6a69cfa,6fa651ca-9cfa-4e52-a800-99c46ad37397,199,2023-08-05 23:30:53
804569f9-43a4-4f5c-a8f5-6c203649bbc0,6fa651ca-9cfa-4e52-a800-99c46ad37397,10,2023-08-07 13:54:22
332c06cc-d101-465b-b770-988ba3742e7b,6fa651ca-9cfa-4e52-a800-99c46ad37397,499,2023-08-07 17:22:32
14b59fcc-fe67-4f26-8ce4-3f81e5a9af6f,6fa651ca-9cfa-4e52-a800-99c46ad37397,149,2023-08-11 04:28:20
e76c2870-4f31-46f6-aea6-e560efd27acd,17d0bf8d-c01a-4d90-aa70-e92de23507c0,1999,2023-06-07 15:05:09
1c987a32-f56b-4391-945a-8c42f7bebac3,af532b0d-7f20-427b-9c68-0ba944f4b1f7,10,2023-06-27 01:42:10
2bccaf2b-4c1a-49f7-9002-7b3f9628da20,af532b0d-7f20-427b-9c68-0ba944f4b1f7,149,2023-07-01 09:15:10
dd1d9f15-4fe1-47f4-be86-756063d4f394,af532b0d-7f20-427b-9c68-0ba944f4b1f7,199,2023-07-02 05:57:18
12578770-ead0-4e76-97ce-823c35d07152,af532b0d-7f20-427b-9c68-0ba944f4b1f7,499,2023-07-03 04:24:24
b4ad70ec-3b98-4c76-9c0d-9462d4c23edf,af532b0d-7f20-427b-9c68-0ba944f4b1f7,299,2023-07-08 21:28:05
e5ef1672-ad4f-4b41-8fb0-255bfaa86a42,af532b0d-7f20-427b-9c68-0ba944f4b1f7,299,2023-07-09 10:47:48
546a4cf7-cf05-491a-9f27-da3c90e0400a,faab2846-d0d7-45df-8920-f3d75b9ecc89,299,2023-07-25 21:08:20
4aac6166-7daf-4ac0-b472-4bc701b31f6d,93d6ecd2-6073-491b-8cfc-4d4cf28aabbe,199,2023-06-29 01:26:44
b38c7847-aa2c-4bf5-967b-98720e0fb962,93d6ecd2-6073-491b-8cfc-4d4cf28aabbe,25,2023-06-30 05:25:08
fc79546f-fd7c-4358-be96-e87a01808e57,93d6ecd2-6073-491b-8cfc-4d4cf28aabbe,1999,2023-07-01 22:39:22
a85fdecb-55cc-45c9-bcdd-eaf7264073d5,598c8934-7253-4642-ac2d-24f40ab39149,199,2023-04-11 15:21:46
962e8249-1d58-4337-a120-7daa9b984976,df1c4bf7-5a8f-4f4a-a219-3be2dfdd9c7c,1499,2023-04-16 13:39:59
1ed99b4c-c020-42e4-9447-72d998d306a0,df1c4bf7-5a8f-4f4a-a219-3be2dfdd9c7c,50,2023-04-16 15:15:10
9b85a923-169f-458f-8f70-01fc17fab76e,912f4078-53a3-4cfa-b437-6da4e8a23ac7,99,2023-04-08 02:52:39
b9bc5869-3d1b-4ead-99ce-182759d5cd2f,58fc5e08-391b-46d6-ab91-2ec37543abd5,149,2023-11-14 09:41:42
724d604a-7fd9-4d6a-a8a4-ff135cf8de11,9c923453-8740-45d1-b645-9e7907f83f30,299,2023-10-27 03:48:42
c26d6eb2-a48c-4781-9cbd-fb935542ed5d,9c923453-8740-45d1-b645-9e7907f83f30,199,2023-10-29 11:54:18
3acf73be-0b8e-40fb-a9b2-77752ea423c4,9c923453-8740-45d1-b645-9e7907f83f30,499,2023-10-30 19:59:57
2db3607f-ac28-4d55-8e31-a933f092ed66,9c923453-8740-45d1-b645-9e7907f83f30,149,2023-10-31 05:21:28
3f82e2c4-b220-4fff-8724-861c1e87a812,9c923453-8740-45d1-b645-9e7907f83f30,25,2023-11-08 06:49:31
ade7953f-1804-4e5f-9c46-db473b6d7159,174ab4f1-85b2-42ce-8f77-44eee9f282fe,25,2023-08-29 21:32:50
91826e8b-050c-4aa6-98be-b33edfcdfe10,174ab4f1-85b2-42ce-8f77-44eee9f282fe,149,2023-08-30 10:32:43
55d7e679-5466-4a35-91ca-47ed0fdc93a5,d18a2e2d-3aec-4958-b35c-9db0e417b01e,99,2023-12-25 19:27:26
d1f96e3a-6590-417c-b7a0-10e53dfafa7c,a22a54b8-f27b-454c-9b56-9d053ba5add6,299,2023-03-06 21:50:57
4e5eb366-fe1d-416b-afc9-bd7acd4216ac,615f69b8-c882-47bb-9e99-ab581e93e02f,10,2023-02-28 23:36:54
2cdb0307-4bb7-483c-94db-527b21ba2a9b,c2067f4e-0d9f-4035-bddb-d12522ead8f3,299,2023-01-07 16:17:55
2b5710a8-41e2-45db-966b-2319c3c3c1f4,c2067f4e-0d9f-4035-bddb-d12522ead8f3,25,2023-01-08 05:55:29
5cbe3706-de02-4418-8dcd-a8168e173bdd,c2067f4e-0d9f-4035-bddb-d12522ead8f3,50,2023-01-09 23:49:28
91fabba5-181f-46fe-8ae9-85a00d3b5714,c2067f4e-0d9f-4035-bddb-d12522ead8f3,1499,2023-01-14 00:25:16
6fc75502-cc8e-4e93-9f1c-6fea39e37f6e,b7707466-21a9-4c07-873f-6fd3bdae0c07,50,2023-02-17 05:36:34
a18f1ad2-97f2-4786-86e0-9d5375f39cb2,b7707466-21a9-4c07-873f-6fd3bdae0c07,299,2023-02-18 12:27:42
b8531457-8a97-436f-ad3b-dc0e36c8f269,85d4531f-9214-4c16-9e15-31da1f83c18a,149,2023-08-08 09:13:11
5d0fd398-3223-437f-9425-62a71da0fead,0a8150d6-1c45-4696-8475-b73076726550,499,2023-10-10 12:13:16
a93dd4bd-bf8a-43c6-87e7-7f94eabf84af,9e537a9f-1360-40e7-b162-3d9ce031e443,299,2023-11-30 20:19:23
9811aba8-4477-484e-a93c-02bf33387759,9a0ea3c7-d8af-4bf7-8d78-f7c24f32dd28,25,2023-03-02 09:49:16
75a88c3a-07e7-4cd5-8140-e6f7d4171b3c,9a0ea3c7-d8af-4bf7-8d78-f7c24f32dd28,299,2023-03-05 05:46:24
d1730693-cd94-4129-9e70-56b428c90893,6357098f-bebe-4fd8-853d-f76ba7169b00,499,2023-06-09 09:07:34
7b663361-a1bf-43c1-a411-37846c4fd1df,f7c769d0-aa8b-4532-a1f3-4f2b0def94cd,10,2023-03-01 03:04:04
034fdf70-052f-4188-bb93-1fe96b06b316,f134f309-4768-4b0a-a86f-235e5ceb4945,50,2023-07-12 18:41:26
ff27c5ca-d5de-4ef5-b059-1f11bf687f35,bbd2bffa-1f43-480f-9587-cc949298be38,299,2023-06-04 10:21:23
c320d9a4-4eca-4d4a-8048-7164ca17fe66,925bb738-005c-4c90-95d8-12466a9e2849,149,2023-06-08 06:02:08
ef4b0266-16ab-4d66-a5af-0eb4a64c8d0a,aae73265-ec19-41cb-a7bb-f8e7f6a3c4a9,299,2023-10-14 19:56:51
210cff11-c2c7-4bdb-b76a-2a477aade329,b788ed84-8906-49fd-b5f4-103ca79719a3,499,2023-01-26 06:17:11
309e28fd-0e6c-44f2-81f1-0281d3f745ab,1f230f73-e105-4e26-a4d7-1fa9afe65cf3,10,2023-11-24 11:54:33
20bea0f2-fde7-424f-a876-623c3a1a9dfc,1f230f73-e105-4e26-a4d7-1fa9afe65cf3,10,2023-12-01 09:02:49
89c76ca8-4fa7-4c8d-8d1d-68a5311ef7cd,5bf8f2d0-59c9-4685-9be3-ed819335afee,149,2023-11-17 02:25:36
7b096f08-e068-438a-8f05-702dcffbf37e,5bf8f2d0-59c9-4685-9be3-ed819335afee,299,2023-11-19 21:55:20
db2623b5-dbe6-4e7b-85a6-fdcd4d6dd230,a6596c5a-525e-4d43-8c99-dce22f32406b,149,2023-03-20 04:36:13
ae34ca38-6059-4e63-8e86-9c1e3ea5ee71,1219ceab-df70-402b-8823-de8701418cee,99,2023-09-18 12:26:33
fea6876d-d6dd-47ea-af59-665368078532,1219ceab-df70-402b-8823-de8701418cee,299,2023-09-23 00:07:06
0653a1ec-cf07-4eb4-b81a-112c79c99d76,1219ceab-df70-402b-8823-de8701418cee,25,2023-09-24 04:22:56
ea57e4d2-af31-4afc-acc1-19adb5406c4a,1219ceab-df70-402b-8823-de8701418cee,1999,2023-09-29 03:49:56
7a0cc2ca-d1bc-4ba8-b2ff-7153cca6f625,1219ceab-df70-402b-8823-de8701418cee,999,2023-10-24 10:17:31
31b1e4a2-db76-4a86-bd84-f0293753f698,1219ceab-df70-402b-8823-de8701418cee,50,2023-10-24 13:08:02
0059de6c-5684-4ef5-bb30-2d80b2ed76db,2e3b1679-549e-4f3c-bb90-a8c6d85440bf,299,2023-09-06 11:24:27
1f996015-7ddd-4a73-92fe-b7af95153725,7cb0c161-a9e5-4393-89bb-983df1941137,149,2023-07-15 04:21:52
acd0ef52-cc8f-438f-9133-47cddb7ef476,870df2b4-04fe-494e-a2a9-3e38cab9ed40,149,2023-06-10 10:01:14
14bc2609-619f-4fb6-a744-998ae6d29274,07ca9b92-352b-4099-a0bb-7ef9b6c1c4d6,50,2023-11-09 12:59:18
16a21290-159a-4c33-8346-96f438750c21,07ca9b92-352b-4099-a0bb-7ef9b6c1c4d6,199,2023-11-10 08:17:00
4d218bcc-0dea-45f0-9ae1-ab0e741426c6,07ca9b92-352b-4099-a0bb-7ef9b6c1c4d6,10,2023-11-13 20:57:29
e52ce5c7-a891-4c4b-8c1f-4e5429811782,07ca9b92-352b-4099-a0bb-7ef9b6c1c4d6,99,2023-11-23 21:21:30
b768fa42-a3ee-4844-b0f0-7b332946b501,07ca9b92-352b-4099-a0bb-7ef9b6c1c4d6,50,2023-11-24 01:51:31
9c91b578-1ff7-424e-adbc-d3de2841bea9,b4cbfad4-2ad8-4833-860c-74f3acee5c0d,149,2023-08-30 13:13:33
7ad1f575-bccb-4454-bfe4-217adc547080,b4cbfad4-2ad8-4833-860c-74f3acee5c0d,99,2023-09-01 06:23:44
c338bdb7-b9f2-46d5-9a96-f9e1a9c204f9,68d5a043-aa0b-456e-a2da-70230bb1fc3a,299,2023-09-21 20:08:59
5d955dde-ba20-4ed2-8131-b4ba6aff5eed,45cc2588-72b5-460c-9621-c171c444fa9b,499,2023-11-30 20:34:04
0fbbef5c-212a-40aa-ad7f-abbda6b020fa,9d755c4e-3dbd-4784-8f57-90e841c74967,499,2023-01-13 09:19:25
44d9ef91-b17c-4dbd-8b4f-2045b6781f0c,de46f3ab-c9e8-4cbc-8e83-31397620096d,499,2023-05-02 22:38:32
78e14d43-4743-4e29-b720-f5ca8beefd38,161ab84e-cfbf-4d0a-81f3-548058be3ab2,199,2023-11-07 20:40:58
8f7f5fe3-10f9-4ae5-ae8c-58f68e806970,161ab84e-cfbf-4d0a-81f3-548058be3ab2,199,2023-11-09 17:59:32
81a09e16-259c-4f26-b81f-fe0558ce5431,161ab84e-cfbf-4d0a-81f3-548058be3ab2,50,2023-11-13 01:32:53
55cb1434-bc9c-4437-85a8-7fa2d8709070,fc03d04a-678a-4cf7-a484-eb307935ec0d,25,2023-07-27 22:15:38
4873a385-94ed-4ad4-a93e-e9123d07ffd5,fc03d04a-678a-4cf7-a484-eb307935ec0d,50,2023-07-29 00:57:23
50db7639-fce5-4b88-a0c8-036ef0853cff,fc03d04a-678a-4cf7-a484-eb307935ec0d,299,2023-08-16 09:58:12
10854312-5ae1-4947-8d99-431d285ff486,fc03d04a-678a-4cf7-a484-eb307935ec0d,299,2023-08-20 01:24:02
8b01a18a-2bc6-4dfb-b350-dbf122ac64b6,fc03d04a-678a-4cf7-a484-eb307935ec0d,199,2023-08-21 21:38:40
4c1e18f8-d9ca-4be9-a87f-a8ea0be8870b,fc03d04a-678a-4cf7-a484-eb307935ec0d,299,2023-08-23 15:14:12
e81eda45-fc98-4351-a5f4-a3e76711be8c,b413a35f-8dc6-411f-9edc-f46dd8084f34,99,2023-11-06 07:49:02
35430c33-9fdf-41cb-a7da-f61a5afa21d0,b413a35f-8dc6-411f-9edc-f46dd8084f34,99,2023-11-07 01:07:53
5bf830ec-0902-47ed-b706-1cc454ceb867,6f383f3b-fa59-4930-9188-33d54de794a7,1499,2023-03-17 13:16:31
22163103-a7d8-4087-ba2d-1ee323d56c0e,2c45937f-5caf-47ae-a479-285be3d7f3a4,299,2023-12-15 17:17:40
17ba4b4a-c25f-4fc1-9741-ab0847469ed0,83fb48a6-2306-47c9-9ad2-eebfdb4dd3be,25,2023-09-22 01:21:08
07640803-1cac-466a-9b5c-e0b89179d526,f1da8b9d-3989-4108-a8d5-eb1fb4f27689,10,2023-04-01 00:23:03
e4a752ae-e455-4614-a7d0-7a20fb238056,94825ef4-482d-4eef-88a9-a0c762c42b64,149,2023-04-10 20:11:19
6ccb74d9-bc80-482a-9595-71b809d3df8a,9c32313e-c469-4679-9fc4-cbf1318ce6cb,199,2023-05-18 01:53:37
f81f4080-336f-4117-a90b-d1e6e7168ec2,4c9c4b26-2e8a-407d-8780-782aa997e21b,499,2023-11-30 19:16:53
cb5662ec-71a7-4fc8-8084-fc9908f07a2e,4c9c4b26-2e8a-407d-8780-782aa997e21b,499,2023-12-04 16:45:24
11e330fb-c26b-4918-8481-686c1798114c,4c9c4b26-2e8a-407d-8780-782aa997e21b,499,2023-12-05 00:44:46
aa163286-44b3-42a2-923f-7eebe7d66a38,6eecdfa5-8b78-4f8b-8114-9979e42ff2ba,299,2023-11-07 07:07:44
a97c7ae1-f7c2-41d5-9377-373ba0a207fb,6eecdfa5-8b78-4f8b-8114-9979e42ff2ba,25,2023-11-07 22:01:08
5b46cb4c-7d5f-4c90-923d-62991b278cdf,6eecdfa5-8b78-4f8b-8114-9979e42ff2ba,199,2023-11-11 20:52:20
7707a1e4-363a-447a-9127-78bb07627e5e,6eecdfa5-8b78-4f8b-8114-9979e42ff2ba,25,2023-11-13 10:53:12
18e77976-dd26-45ce-bcb6-15ed1e3d28f9,6eecdfa5-8b78-4f8b-8114-9979e42ff2ba,149,2023-11-16 10:44:55
855d3885-4cae-467b-a8a6-f71bf4643ee0,f87c9129-c3a5-4700-88db-01947f940c82,199,2023-11-04 06:07:57
0538bfa4-f276-44c0-b77a-84c9ff57fedd,5fed9a1c-16f1-4417-adc2-4c280bd91e90,499,2023-07-11 19:32:48
4839c893-496b-4627-8e1e-455236b1187d,5fed9a1c-16f1-4417-adc2-4c280bd91e90,149,2023-07-15 11:16:52
90c27924-d30b-4bde-a475-c720dcff942b,1a656189-853c-479c-80bf-30c397a5a7da,149,2023-11-13 14:43:03
86117a76-4dc9-4fa5-91f2-0025c53a19a5,1a656189-853c-479c-80bf-30c397a5a7da,299,2023-11-16 22:29:54
8b43360a-f2a7-48b8-be6d-123133dfaa1d,1a656189-853c-479c-80bf-30c397a5a7da,199,2023-11-21 02:10:49
55785186-11da-401a-a33c-ce5a03d80c43,1a656189-853c-479c-80bf-30c397a5a7da,25,2023-11-30 19:27:05
c4edec4a-47a2-4df9-b697-309cae633600,d616fbf9-162f-4892-981c-5d854abad7c3,149,2023-01-22 14:39:07
0dd8d72e-79d4-4fc6-9b54-40276b0c1496,d72f77e8-3d3e-44a0-abfd-4db0ba94ee02,149,2023-09-02 10:53:59
19b60512-34f4-45a4-90d5-e6e76ca27f4b,a0625af1-010c-4e88-a342-cb4f3731780b,10,2023-03-07 03:05:40
089d583c-292f-4f01-9850-e004a67a3f30,3157ac5e-d345-4bbc-9487-e3adb8a292d2,149,2023-01-30 03:18:42
47f2ba82-f705-4ab4-8d07-cb4954674fd1,3157ac5e-d345-4bbc-9487-e3adb8a292d2,149,2023-02-05 21:07:49
75798f5f-4c41-42d9-8e86-6f9796f467ef,3157ac5e-d345-4bbc-9487-e3adb8a292d2,499,2023-02-06 21:20:20
06d6db56-23f9-424d-869b-d0081de90d8f,3157ac5e-d345-4bbc-9487-e3adb8a292d2,99,2023-02-11 18:12:41
1e5fb82f-8f0d-4e99-adec-fda9442645ae,3157ac5e-d345-4bbc-9487-e3adb8a292d2,25,2023-02-15 14:25:44
ef031e24-c934-4cfe-9278-6ac7f86a96d4,7ef2c0af-045e-4fb6-924a-b552aab697cd,499,2023-03-31 23:37:09
d643c489-a7bb-414b-9db7-696882e70bd9,33777129-1a32-4753-b61b-e21ed62ced56,1499,2023-02-24 16:24:59
4ce97fef-926a-4083-b9ed-aaa901c7c9db,33777129-1a32-4753-b61b-e21ed62ced56,199,2023-03-01 16:26:46
c8ce49cc-0017-479d-b0de-846ff8fc4f06,33777129-1a32-4753-b61b-e21ed62ced56,499,2023-03-02 05:51:51
974e33c0-f78f-4e09-a7f3-e4de7d2404b1,33777129-1a32-4753-b61b-e21ed62ced56,1499,2023-03-08 03:08:18
3ace1334-fae8-4516-82e0-4c6aa969f7b6,67cf81e9-346a-453f-b70a-29f93695c2bc,299,2023-01-11 06:16:36
bdd438bd-04c1-4a3e-9c6f-1b238bdde85f,67cf81e9-346a-453f-b70a-29f93695c2bc,199,2023-01-15 05:17:48
b9555159-f236-41b8-82c0-61c69b639af0,67cf81e9-346a-453f-b70a-29f93695c2bc,149,2023-01-15 08:50:22
9700b4e8-e66c-4135-9f00-047012c0a3e5,1167da92-4f3b-448b-a023-fd7cadd8365f,199,2023-06-16 15:47:21
e3763ca8-6eab-4660-9ac8-291f8314b173,1167da92-4f3b-448b-a023-fd7cadd8365f,499,2023-06-23 14:30:28
9b29e4ec-09b0-44f0-82d9-4ab094488761,1167da92-4f3b-448b-a023-fd7cadd8365f,50,2023-06-25 04:49:02
ca3a2f27-6117-4a59-9d13-66e0f0ea1f3e,4794f9af-99d5-4ad9-85bb-0da05a2636e7,149,2023-02-26 05:25:09
3fe02de1-4e1a-4817-b910-b2eaa1b0f8d0,4794f9af-99d5-4ad9-85bb-0da05a2636e7,199,2023-03-03 00:29:46
58077758-ebe2-4294-bd3e-91c5308263f2,4794f9af-99d5-4ad9-85bb-0da05a2636e7,1499,2023-03-07 00:08:03
e150b239-6e5e-4b7a-b54e-9fc1ae641108,30210243-9d19-48a7-ab78-209531b40110,999,2023-07-16 03:59:42
2ba63749-2a44-4a89-81f5-164477338786,30210243-9d19-48a7-ab78-209531b40110,99,2023-07-16 06:26:05
2f354ce4-96c7-4706-8694-c3d6b67d7099,30210243-9d19-48a7-ab78-209531b40110,10,2023-07-18 17:00:03
618a85f7-93fe-4f94-82e4-241b78e7bbe0,8703b9d6-2c6d-4f4f-83d6-fa750dfcb2ce,10,2023-05-02 20:08:12
f4f4810b-ea0d-419c-9b2d-4b678932380e,8703b9d6-2c6d-4f4f-83d6-fa750dfcb2ce,499,2023-05-04 03:33:32
34d8101a-d20e-4a56-885d-0aed2999ad16,8703b9d6-2c6d-4f4f-83d6-fa750dfcb2ce,299,2023-05-05 18:34:35
50daa2a2-da70-4c94-8965-e9c3833d0889,8703b9d6-2c6d-4f4f-83d6-fa750dfcb2ce,999,2023-05-05 22:06:43
79558e14-28c5-4990-bd00-d189160042de,8703b9d6-2c6d-4f4f-83d6-fa750dfcb2ce,10,2023-05-07 20:52:41
87e0c04d-a629-4dff-827c-02ca0483618c,8703b9d6-2c6d-4f4f-83d6-fa750dfcb2ce,10,2023-05-13 10:18:55
f31fa76b-f3ea-48dc-860a-38c728d79e2b,8703b9d6-2c6d-4f4f-83d6-fa750dfcb2ce,50,2023-05-17 18:45:30
11719196-9911-4232-863a-31db79f61e9f,8703b9d6-2c6d-4f4f-83d6-fa750dfcb2ce,1499,2023-05-19 01:14:03
4c802fe9-35dd-443e-a1d1-8ae0951959f3,8703b9d6-2c6d-4f4f-83d6-fa750dfcb2ce,149,2023-05-20 12:11:36
06c206fc-426b-4ba2-b8f3-d143f3145b11,8703b9d6-2c6d-4f4f-83d6-fa750dfcb2ce,499,2023-05-22 22:48:44
d5bcf12d-be97-4a4f-b4b2-032fbabe6b3d,8336bdad-439d-4eb6-9513-3388443ad668,25,2023-10-26 20:43:45
2308de43-0a7c-4462-a886-d3086f53a50f,8336bdad-439d-4eb6-9513-3388443ad668,149,2023-11-04 17:42:02
5b9afde7-6dce-4abb-807d-bf50c6db5b2a,9f00e8a7-cf34-4b0e-a4c7-afc24be88422,149,2023-08-24 08:52:22
3d8c714a-2def-40f9-b0b0-d19b94ff4828,ce614ba3-3fba-4b79-9f43-9978491de408,499,2023-03-16 04:01:18
7b653edc-4675-4cc1-a265-89d2746c7a76,c6a6a45b-bd9b-4a27-a62e-ca8210424335,10,2023-05-08 01:18:23
c47c7487-ba5d-4712-8d37-60f0b9e05797,c6a6a45b-bd9b-4a27-a62e-ca8210424335,499,2023-05-09 16:58:01
151269b9-4456-43ba-a8b5-b9fa8ec3cbf0,c6a6a45b-bd9b-4a27-a62e-ca8210424335,199,2023-05-09 20:27:18
0d011908-1fc2-4a57-a8e6-dae74a53bf15,c6a6a45b-bd9b-4a27-a62e-ca8210424335,499,2023-05-11 18:17:47
3a824a20-643b-4916-bf16-36d5698832b5,c6a6a45b-bd9b-4a27-a62e-ca8210424335,50,2023-05-16 00:09:27
02cfb7f2-9e75-4486-b544-a81d0830f4fa,c6a6a45b-bd9b-4a27-a62e-ca8210424335,499,2023-05-16 03:09:39
800a092e-102b-4982-a9f0-6f74090ea127,b8e3f5ac-bbcd-46b0-a8ac-1a0ec99e361a,199,2023-12-16 08:47:29
1b8c27fd-27e3-43b3-8cba-74843bec0a93,b8e3f5ac-bbcd-46b0-a8ac-1a0ec99e361a,499,2023-12-21 12:46:13
12b65a65-a2e9-483e-b1e9-6b37a0a6a50b,9a17806f-daa0-4934-8830-ab465df00c82,149,2023-05-01 22:54:48
d9edc47f-0c34-4ea1-9019-aae551354a3b,46d09798-7a25-4c35-9792-668721bd904a,199,2023-03-10 22:41:20
671f2a45-e0b8-4f60-8beb-749524093dc7,0ed87be2-ecd6-4111-99f0-0b3dc1cc5ab8,299,2023-03-02 09:56:40
931c874f-55bb-40c5-839f-0c17e5d56362,0ed87be2-ecd6-4111-99f0-0b3dc1cc5ab8,25,2023-03-07 03:44:45
0312e0cf-6466-4f4c-a5cd-a70ad2186acd,0ed87be2-ecd6-4111-99f0-0b3dc1cc5ab8,99,2023-03-11 12:57:18
4c01f40a-42c5-4936-8065-17b493202cfe,0ed87be2-ecd6-4111-99f0-0b3dc1cc5ab8,50,2023-03-12 01:23:18
b01c469e-da7a-4c33-ad7a-c9dc5116a9c5,0ed87be2-ecd6-4111-99f0-0b3dc1cc5ab8,149,2023-03-14 00:31:50
abe878bb-5ab5-46cb-a0e4-e8abc8fb07a6,592200ae-0b23-4550-96de-c4e176e591b6,149,2023-08-03 20:11:02
ce4936f0-f994-4922-a0be-8d05fc237218,d94d13ed-6f44-401f-a8aa-8020fd7cef61,25,2023-08-02 05:53:19
f2fbfdd2-9d0d-42f2-ab51-fe7e035e8e7a,0c8573c2-bbbf-4581-b5f8-1462f488487a,199,2023-10-28 19:27:04
cea9a889-c8a0-4cc8-9d16-780b26c7a47b,a66dc670-6994-49d8-b654-abab9de2f8f8,50,2023-07-08 19:44:28
3b287973-18da-4d0a-a764-0db529a7ab17,d5b81ce9-b5f1-4957-90df-fefd33de3013,10,2023-10-07 19:56:55
a7308145-c496-4799-ab9e-09292a1ea3d4,d0fe0967-294d-42c5-b535-2d7b9c40f6c7,99,2023-12-28 15:36:23
75809a52-8858-4863-b2f4-042ece7983f4,2bc0fb9b-3f9c-43c6-a6c1-267c429508c9,1999,2023-03-15 10:25:01
933b3091-224a-431d-9757-153e28030bb6,2bc0fb9b-3f9c-43c6-a6c1-267c429508c9,199,2023-03-16 10:24:34
2366dcb3-0392-440e-8a21-5f9fe9652e2d,e4927fc7-82ce-48c0-a69f-87aee592091f,50,2023-03-08 23:39:35
b6440b6d-2789-44ca-8e40-2a0db9e662fe,e4927fc7-82ce-48c0-a69f-87aee592091f,99,2023-03-11 00:25:15
d6e30466-d8ba-4718-8edf-6efd95b51bdf,229071c9-d87a-4711-9d64-44c3f03a401d,499,2023-11-07 17:07:47
14199e47-02a9-4825-9376-172ad13de463,704b3922-70d1-4cec-ad13-f23b06df8e67,99,2023-03-18 13:41:00
8b185dff-9872-444b-86ba-9a11bb27f509,704b3922-70d1-4cec-ad13-f23b06df8e67,499,2023-03-25 02:18:57
634183d1-66f8-46de-88ba-00aa86f48aaf,704b3922-70d1-4cec-ad13-f23b06df8e67,199,2023-03-28 13:41:03
2f2bbdff-f190-4f51-80f1-64a913e3c420,704b3922-70d1-4cec-ad13-f23b06df8e67,199,2023-04-01 03:16:21
4a7b6737-c471-473a-8e0a-77a8c477391b,704b3922-70d1-4cec-ad13-f23b06df8e67,299,2023-04-09 06:20:03
0f2a7654-b15d-4ad2-81aa-f64fc1529b4d,61af8ccf-4429-4b01-a4d7-32f7dc0fde78,149,2023-05-28 16:52:21
6d8d128e-67fd-4c18-a401-798495354442,6ce26923-6d99-4ed4-b438-23ad90fd92a1,99,2023-08-10 08:41:01
9ec23f3b-8548-44dd-a438-9a0dd7b7927b,0d8ecece-a704-406e-b662-1e81e750f986,499,2023-10-19 01:35:44
d08ed187-98ff-4339-98a4-0765b00f518d,2f065538-f270-4c65-bb96-45b216d32cdd,999,2023-01-25 07:30:38
3bdfc258-05dc-40ad-8a34-c85f53241c3b,4e558979-b904-46a9-b3b9-fed0a6550fca,499,2023-02-06 00:19:14
0475f85d-648c-4e8b-b777-ebbff466bab5,06ef4f3a-9ec2-477e-b261-b76b10afcb1d,1999,2023-10-28 01:22:07
cf54c05d-343d-4050-89bf-a965c5ebf0b2,06ef4f3a-9ec2-477e-b261-b76b10afcb1d,149,2023-11-04 12:47:07
d3deb513-03b4-4748-ae00-587e02f6867a,9dea071e-cb91-4eaa-8ef3-9e021d6417e5,25,2023-10-20 23:03:53
76c8b4a0-6a9d-4266-bc70-f28d1a72ca32,667229b5-560f-4f9d-b85b-b9ca379a236c,299,2023-03-17 13:46:01
0ac50a00-146e-4937-b595-00e202e8c80c,667229b5-560f-4f9d-b85b-b9ca379a236c,99,2023-03-18 05:58:21
242dce4e-50d6-4f64-8df6-d1380b7e5977,667229b5-560f-4f9d-b85b-b9ca379a236c,10,2023-03-19 23:20:37
cc54cfcc-5390-4816-aa16-c38082ed1d79,e2185cf3-684e-42c1-8b46-6db35a9cfd51,199,2023-07-07 10:51:08
70752bdf-4ff8-4bf7-bddb-f7909bde20f4,e2185cf3-684e-42c1-8b46-6db35a9cfd51,10,2023-07-13 19:59:06
8c3995f8-4b5c-4d16-b75f-2925091daf69,6bec2dcc-ed95-49e7-a3da-4d77d47e41df,199,2023-07-18 11:48:00
510df8db-398e-4907-b866-77568efd8c08,402ea034-367c-44ab-99a4-ebd5eed01269,99,2023-10-01 21:39:03
543f927c-58bb-4e35-9433-e6721e958664,402ea034-367c-44ab-99a4-ebd5eed01269,1999,2023-10-08 12:59:22
0cc90199-3b43-41db-a3fb-3583fa3876e9,402ea034-367c-44ab-99a4-ebd5eed01269,10,2023-10-08 19:17:00
43ceec63-6f44-466e-9f4d-285de6205293,402ea034-367c-44ab-99a4-ebd5eed01269,10,2023-10-10 07:59:48
229a313e-c03f-42c0-b562-b61ff462c748,402ea034-367c-44ab-99a4-ebd5eed01269,199,2023-10-12 02:56:03
ca862399-5b57-4f05-923a-a4b552b2e032,402ea034-367c-44ab-99a4-ebd5eed01269,25,2023-10-14 18:36:51
135536c1-d6b1-49b4-90d5-cdf6064fcc54,17634830-a89c-45b0-bdd9-07400e3ea9bb,299,2023-02-18 16:24:39
e9b28649-3065-476f-aa0d-be8d66a52e6d,17634830-a89c-45b0-bdd9-07400e3ea9bb,499,2023-02-20 05:08:22
1640cc0f-1612-40bb-88a4-f63bfc3ecb01,17634830-a89c-45b0-bdd9-07400e3ea9bb,999,2023-02-20 20:45:19
52e28783-b841-4fa2-a538-d5cebe9e02ac,bb76b357-ae4a-4124-89c2-a01bb636220b,25,2023-12-14 18:32:09
eea5c463-f01d-4748-ae71-52cba8a32d82,bb76b357-ae4a-4124-89c2-a01bb636220b,499,2023-12-14 18:38:59
ee370914-24d2-47f2-85dd-cdc6cea66169,3e65ede6-c4fd-42e7-b3df-63c6c9b85d6b,99,2023-05-24 08:29:06
684c57d5-17b5-4321-8b68-97b68b642023,3e65ede6-c4fd-42e7-b3df-63c6c9b85d6b,149,2023-05-30 09:59:45
c29c521a-9390-4038-a2f9-f5337826cf0e,3e65ede6-c4fd-42e7-b3df-63c6c9b85d6b,299,2023-05-31 03:50:13
c1e0b69f-924b-43b1-818f-77163e208ce9,3e65ede6-c4fd-42e7-b3df-63c6c9b85d6b,999,2023-06-16 03:08:40
f2651a40-bf5e-46ce-8714-f6aaaba4cc1b,3e65ede6-c4fd-42e7-b3df-63c6c9b85d6b,10,2023-06-16 09:01:23
e2c3c125-4f59-4188-a80f-8c3271922986,3e65ede6-c4fd-42e7-b3df-63c6c9b85d6b,50,2023-06-16 13:10:16
f018f473-e5ba-4ef4-ace6-131034f9deba,3e65ede6-c4fd-42e7-b3df-63c6c9b85d6b,10,2023-06-17 02:39:28
9ad7f368-9a73-49ca-91e9-2c30d6e614e2,3e65ede6-c4fd-42e7-b3df-63c6c9b85d6b,25,2023-06-26 05:31:23
b627f865-9c45-4118-9b6a-a53f6e5438a0,3e65ede6-c4fd-42e7-b3df-63c6c9b85d6b,50,2023-07-19 03:37:27
a90a8fc1-cde5-42ef-8647-44549ab8ee80,b3b592b3-f3f6-4840-a060-0cc0d4c67da7,499,2023-06-26 05:43:07
abb6fbb1-d1c1-4da4-8cf4-120b8017d4bd,b3b592b3-f3f6-4840-a060-0cc0d4c67da7,50,2023-07-06 15:17:03
bba78f9d-c72f-47bb-a515-ccf3bdb9ff93,b3b592b3-f3f6-4840-a060-0cc0d4c67da7,10,2023-07-19 22:33:42
2e7c1593-f2a9-4abe-8112-ac7c2cd21b7b,b3b592b3-f3f6-4840-a060-0cc0d4c67da7,149,2023-07-22 21:22:13
d9e61b4c-c19e-4a3e-9deb-54bfc2574f00,b3b592b3-f3f6-4840-a060-0cc0d4c67da7,10,2023-08-04 00:44:21
b350b651-edcc-4b26-9d10-ea9d4c2865b9,b3b592b3-f3f6-4840-a060-0cc0d4c67da7,299,2023-08-12 05:38:26
8de7c818-ee86-4c5a-aa67-7b6178fc0d25,c26861cb-1503-4455-bc12-0aeda44ef1e4,10,2023-09-18 19:05:56
c48828ba-ec73-4179-aa8b-0dad033d94d5,4efceace-1618-4862-9569-f7be40793b45,199,2023-11-09 21:53:53
5497cf98-aab4-4e25-9d0e-844d73eef4b2,4efceace-1618-4862-9569-f7be40793b45,499,2023-11-12 05:31:30
31194835-d296-4dd3-8992-8d1aaec078d5,4efceace-1618-4862-9569-f7be40793b45,499,2023-11-19 23:04:30
abd72ae5-1ba4-4436-af2a-c3ebdaef44c2,4efceace-1618-4862-9569-f7be40793b45,499,2023-11-23 00:50:21
4337be81-80e5-4656-811c-a9eaac753b3a,4efceace-1618-4862-9569-f7be40793b45,199,2023-11-23 11:29:33
ec74c3c5-887d-4e69-8bde-cb75bd98d424,4efceace-1618-4862-9569-f7be40793b45,299,2023-12-07 22:30:20
3b8cdfa8-68c4-45b4-8e26-a73f4377a9fa,90fd759a-020e-4712-a963-c906741e8a00,999,2023-09-28 20:53:11
fd1d65e1-ae0c-4012-b74a-faa15254e072,90fd759a-020e-4712-a963-c906741e8a00,299,2023-10-02 14:32:05
ccd4c489-e02b-4234-b0f5-2bd374877b72,c6d77b43-f1e8-4dc6-833f-13687ea75836,25,2023-08-23 04:45:38
f5330662-18cd-4fb1-839f-3d420f022713,fd422e81-4501-40e3-8e42-685f6127232e,199,2023-03-10 04:25:13
8248f82b-db47-41b3-a875-5aa9fbc57e19,fd422e81-4501-40e3-8e42-685f6127232e,10,2023-03-18 11:57:59
b96cf2df-7b32-4d26-9ff7-cd139f3ddfcd,fd422e81-4501-40e3-8e42-685f6127232e,10,2023-03-21 04:23:35
19b61362-ed98-4d01-aafb-89f39b4a305b,fd422e81-4501-40e3-8e42-685f6127232e,299,2023-03-24 15:27:58
b47292ad-4bef-4293-94d3-9de7743d3395,077efa8c-b3b0-4c13-8f71-a6192a1d2e61,99,2023-07-09 22:53:54
a8e4319a-8f48-4209-a9b0-db077152854d,8c454820-6390-4e59-a444-71bea0864b0d,10,2023-10-10 09:01:45
b9b677f1-1c17-48af-8149-756d8d1f3a1b,8c454820-6390-4e59-a444-71bea0864b0d,50,2023-10-10 18:47:06
94862da7-9925-47e7-8a87-af278af5fbeb,1185a79b-eb36-4b81-acc8-694876665ff1,499,2023-11-07 22:15:00
6b8c47f6-6138-49ea-a77b-b51818b966cb,1185a79b-eb36-4b81-acc8-694876665ff1,299,2023-11-10 21:48:49
138dc6ff-37d5-40e8-befe-9ae0d914374a,1185a79b-eb36-4b81-acc8-694876665ff1,10,2023-11-21 05:40:20
5f1095a3-a38e-4e5e-bfb4-4936bc6704bd,c0abecf8-9e6d-4c84-8cce-6de62bee17ed,299,2023-03-26 14:59:07
c374c86e-5215-41f8-b107-dc6afbb7dd7b,c0abecf8-9e6d-4c84-8cce-6de62bee17ed,199,2023-03-26 16:49:57
458fc680-997d-4e7b-a0ab-31190ad6eefa,f1e1c70b-4323-42ec-9db4-86dd39c958c5,299,2023-06-08 11:57:20
1c5d74e9-2c3d-4c4f-ba89-ed98f3f0e64a,f1e1c70b-4323-42ec-9db4-86dd39c958c5,99,2023-06-09 13:38:17
3b882095-182e-4c5e-99b4-98ca40f907b3,f648c5af-227e-42ca-b867-d8140a07404f,50,2023-04-11 16:02:42
feda2ffd-ceaa-40e3-983c-f6b152ed7f54,f648c5af-227e-42ca-b867-d8140a07404f,10,2023-04-12 07:55:42
4a5ef1fe-a4b5-43a8-a950-c4271808e724,f648c5af-227e-42ca-b867-d8140a07404f,50,2023-04-17 04:30:45
09839d08-8189-46bb-8823-3bc5690ca509,f0a9db49-d450-4f9f-94d0-e60c8b870388,299,2023-11-30 10:13:50
5cadb39c-121b-4d4b-9744-7e3df050ad1f,f0a9db49-d450-4f9f-94d0-e60c8b870388,10,2023-12-03 21:33:25
e2ba68f5-9a8a-4730-a50f-e9a3683c264f,f0a9db49-d450-4f9f-94d0-e60c8b870388,1499,2023-12-03 22:00:04
e7444807-697b-40f7-8a01-614976ae4940,e31b2885-b29e-44c4-a3c6-49d1c339a85c,99,2023-12-03 05:14:08
3bc89920-5a0b-48c3-9625-59c8c53024c9,3b3556cb-a804-4958-aba7-bf975e567db9,199,2023-11-14 04:17:56
066bcee5-ed22-46c8-a52b-770162fd18b7,eacbfc9f-95bb-45bd-9fab-e8cf595b8b1d,99,2023-11-22 16:05:38
c2be73f3-03c5-47c1-b155-e916ffad8825,eacbfc9f-95bb-45bd-9fab-e8cf595b8b1d,10,2023-11-24 02:33:22
6965a234-b1ef-4281-be02-41eb1cb73512,1fa1a635-4c6d-4cac-b0aa-349271938de3,50,2023-10-25 21:22:07
e170729c-2ba8-45f5-af3f-8b824a452215,1fa1a635-4c6d-4cac-b0aa-349271938de3,99,2023-10-31 06:30:13
7cd8d7a1-4cc1-4faa-8041-556bac620ad1,4dac6165-9aa6-42da-aec6-20fb43698414,10,2023-12-23 07:15:14
313767d9-8111-463e-8ae1-718022d418f9,4dac6165-9aa6-42da-aec6-20fb43698414,10,2023-12-25 08:17:58
58e02a78-ab62-4160-991f-78e4955bc2ea,a368f250-51db-454c-8c11-33174fda4f0b,10,2023-08-27 17:30:10
b882130f-ce09-4e4a-80e2-ff16b058a0cd,6208fe33-b78e-49b8-9010-4eac3fa26756,25,2023-07-01 15:38:42
b1c4839b-7ae2-4f7a-96ac-163975a7ce1b,6208fe33-b78e-49b8-9010-4eac3fa26756,99,2023-07-09 01:07:37
5afe316f-9f12-462b-a104-c63d20fc0dbc,7415abe7-7970-4e42-99d8-6d24cc61dc90,199,2023-06-29 07:38:51
7102afff-96b3-432d-ab21-da949184906a,7415abe7-7970-4e42-99d8-6d24cc61dc90,25,2023-07-01 03:31:37
4fb97ac8-91ad-4c23-92ce-f2715a602acc,7415abe7-7970-4e42-99d8-6d24cc61dc90,10,2023-07-17 23:44:48
0d955c11-ae61-4736-80d5-cc86ced71c36,7415abe7-7970-4e42-99d8-6d24cc61dc90,10,2023-07-24 17:42:58
927593f1-2fc7-4779-ac25-48b2c4e1cc73,7415abe7-7970-4e42-99d8-6d24cc61dc90,10,2023-07-25 10:03:00
1afefe15-6b7b-4b00-bdee-0f01d76eb4dd,104e2256-ad93-43b2-b530-a914a82e37de,1999,2023-03-15 23:19:11
0f46b082-f0c0-4ca2-affc-82264bd7ec79,036c5467-c3d7-477d-8d65-a46165e52ef7,1499,2023-05-12 11:55:52
9b8f0ffc-8e09-4421-9895-d24d41b91ebd,036c5467-c3d7-477d-8d65-a46165e52ef7,149,2023-05-12 14:14:33
36431439-a2dc-4ebf-af61-cc6d784367c7,7f10db4b-4341-4a92-993d-6a4ed0940e2f,499,2023-05-30 18:16:33
2b4b6350-00ec-4e6e-8a6c-3a776a62c1ac,6d0c5078-80e4-4dba-a7d2-24c5965122aa,199,2023-03-01 17:26:53
36eca5e4-d0df-4b45-b17b-57f598ec1b5e,d00e55af-3809-42b7-97d5-df8fc462cbe1,10,2023-10-22 06:17:46
ba101c03-570c-49eb-8e60-3910728c7c0b,d00e55af-3809-42b7-97d5-df8fc462cbe1,199,2023-10-24 00:55:51
52ae7514-c468-45f7-bd26-b1c9ee6f9953,b04c138a-fa3c-4b37-ac29-5948bc0550a5,50,2023-07-07 14:13:08
2e20c272-b4d9-4f04-9ad3-73db8acb0b24,f45631cc-af6c-4baf-a8a1-0a82d2213fc1,25,2023-10-16 04:33:51
ebcb9c91-74d6-4176-923c-b4011fa9b315,f45631cc-af6c-4baf-a8a1-0a82d2213fc1,25,2023-10-21 22:05:24
5cc053e2-dc21-476c-85b4-a938ed5b70c5,f45631cc-af6c-4baf-a8a1-0a82d2213fc1,10,2023-10-23 17:58:19
597e9217-7809-4784-906a-d356266a85ad,f45631cc-af6c-4baf-a8a1-0a82d2213fc1,1499,2023-10-23 21:20:21
aa0c206d-f509-480a-8157-17ff33cf1afc,f45631cc-af6c-4baf-a8a1-0a82d2213fc1,1999,2023-10-26 14:58:42
a5c5f190-229d-4a26-8fc4-476403ba5731,81b95eba-395d-4cbc-9380-16d00da1f4cd,25,2023-05-26 20:27:27
7c084c00-cc6b-40aa-827b-5cd60b642e1d,81b95eba-395d-4cbc-9380-16d00da1f4cd,199,2023-05-29 09:15:27
d0443676-b1d7-47b9-8971-3946ec5a12bc,81b95eba-395d-4cbc-9380-16d00da1f4cd,999,2023-06-07 10:22:16
7abb55b0-afea-456e-9335-8b697a970ac5,ca1fe399-b5fe-4f46-85b0-60e22a589dc6,199,2023-08-20 09:47:48
0e569aeb-a130-48a7-8e36-aa3e45b5642d,ca1fe399-b5fe-4f46-85b0-60e22a589dc6,25,2023-08-20 14:42:01
bcc978f2-bd31-4ef6-966c-d07d039d43e0,48fb21a0-0fdf-4ce9-9084-1b0a88c96982,25,2023-11-18 23:48:06
ece8b4cc-125a-4cc1-bdf0-ba5899b0ded9,93951df0-fd13-41b8-932c-e23c6fe10231,499,2023-06-15 09:11:49
4eb7388b-272d-4eb1-b229-238c5c7764e3,93951df0-fd13-41b8-932c-e23c6fe10231,199,2023-06-23 21:42:39
63e1c1d6-f53d-4f0c-8d5b-446cbfb28d10,93951df0-fd13-41b8-932c-e23c6fe10231,499,2023-06-27 22:21:55
6498f205-d8f3-4441-b79c-7ab646585309,2f03810d-d089-476d-8c33-a1f01f1e5365,499,2023-03-30 13:55:13
7b2faf7e-c299-46b4-a7ac-044b1a52ec64,fddbcf30-6f91-4e84-a22d-d68beffd31f0,199,2023-06-08 09:49:03
0d16c753-7187-472c-a01c-b79fdfa18c85,103240a7-8f2f-463b-a499-608dbba6d386,199,2023-09-08 21:51:19
436bd9b1-d179-405a-9247-13d759a8f093,7d0887a7-4ca9-49a4-9f5e-bf7f27f66d70,199,2023-05-29 16:16:29
94a3933a-5297-40f3-9aee-4548a150eed8,0357a5da-ff9a-4d19-949c-69c3a820ea17,10,2023-12-19 07:57:36
1dd291da-707a-42a6-816e-f00484c237ff,0357a5da-ff9a-4d19-949c-69c3a820ea17,299,2023-12-19 23:58:45
a73d7668-50bd-464f-89b1-305d2b9d9c40,0357a5da-ff9a-4d19-949c-69c3a820ea17,999,2023-12-25 21:57:50
304dce20-9823-4505-9d1e-3301cdfe9558,0357a5da-ff9a-4d19-949c-69c3a820ea17,50,2023-12-26 03:32:52
f85b1f0e-b2e8-460f-8b48-60e687acf326,0357a5da-ff9a-4d19-949c-69c3a820ea17,149,2023-12-27 16:57:16
5c4ae511-b222-4537-906f-1e4ce541e0ff,3442a626-ce69-4642-aa95-a2b4d27a99c6,299,2023-06-07 01:37:57
b36a24ae-4527-4300-a2e6-933bf5a29b4c,28bba6c4-40f2-46e8-9589-d83ca142382e,1999,2023-07-06 22:20:51
11ba6b46-22ee-4854-980d-28da437142f1,28bba6c4-40f2-46e8-9589-d83ca142382e,10,2023-07-13 00:26:32
4b0cd4b9-b7cb-4c2f-9de1-0d3e4a5b2a81,28bba6c4-40f2-46e8-9589-d83ca142382e,199,2023-07-16 01:47:06
bdc786e4-3bf9-4d0d-9cc3-c02c933428ed,ba7b0f35-bc26-455a-9c86-59df4b90904f,99,2023-09-06 23:22:27
052922ea-3ae5-4605-aac5-981d5922f680,ba7b0f35-bc26-455a-9c86-59df4b90904f,99,2023-09-11 02:55:10
95694177-8785-40fa-825a-b021699330af,ba7b0f35-bc26-455a-9c86-59df4b90904f,199,2023-09-21 21:46:46
7705c151-9fc9-4564-a3b5-5de4a9862178,ba7b0f35-bc26-455a-9c86-59df4b90904f,499,2023-09-27 12:12:33
fa3b1717-ebd4-444b-b81a-783fb757bef8,ba7b0f35-bc26-455a-9c86-59df4b90904f,50,2023-09-28 14:21:18
f9e5d285-450e-42d3-b5a9-8532371b6d01,ba7b0f35-bc26-455a-9c86-59df4b90904f,99,2023-10-13 11:10:24
74157000-2dcb-4d63-b905-3493cdcff5d4,ba7b0f35-bc26-455a-9c86-59df4b90904f,299,2023-10-15 22:25:10
98bfeb7b-363a-4298-bdbe-815b455b871f,90affaf7-aed5-469b-a4a0-7c0af7abff7b,199,2023-07-24 19:41:31
4ceaf86d-67a6-4122-b8cf-9a1ed4be93e3,90affaf7-aed5-469b-a4a0-7c0af7abff7b,299,2023-08-02 17:29:01
14247f5b-10a9-41a3-ac23-a26bfec7208d,90affaf7-aed5-469b-a4a0-7c0af7abff7b,99,2023-08-11 06:20:20
731be959-102b-4f67-8120-d444f8d7a3fb,90affaf7-aed5-469b-a4a0-7c0af7abff7b,25,2023-08-14 07:20:01
88d3b991-9f72-4269-a621-dff45178026d,90affaf7-aed5-469b-a4a0-7c0af7abff7b,25,2023-08-16 00:38:59
5f89e114-89a3-4e7a-b934-0b221b5982f3,90affaf7-aed5-469b-a4a0-7c0af7abff7b,499,2023-08-16 02:21:25
24521727-12f7-41ce-8a20-196d914dfd1f,90affaf7-aed5-469b-a4a0-7c0af7abff7b,199,2023-08-26 19:24:57
7a1d2656-8d53-489c-a912-8fa7a96e7f3c,90affaf7-aed5-469b-a4a0-7c0af7abff7b,299,2023-08-26 21:16:36
2b6d66b2-430f-4716-9193-c1332fe31f0c,4ac7fa10-3fe2-4c0b-b09d-d771dfa1db45,10,2023-03-17 00:16:06
d94da7e9-c6e5-425a-ad18-8f08bbc2e9c8,4ac7fa10-3fe2-4c0b-b09d-d771dfa1db45,50,2023-03-22 08:26:28
6d4de922-deeb-4462-b53d-a1970c5e994d,4ac7fa10-3fe2-4c0b-b09d-d771dfa1db45,199,2023-03-22 18:39:27
f02062e0-dd25-4ea3-8371-4ae1642124bf,f1519b76-aac5-44fa-8f39-7d5ac4ef7b1d,10,2023-10-14 11:53:05
bbcab9aa-0b85-4271-a0b4-674e77a02d59,f1519b76-aac5-44fa-8f39-7d5ac4ef7b1d,149,2023-10-17 17:37:35
bea889d5-5214-483a-af0c-129d3207a75e,f1519b76-aac5-44fa-8f39-7d5ac4ef7b1d,149,2023-10-19 10:10:07
38777686-45c5-4c51-b46b-fc25e60e0d30,892c280f-d076-46b5-96f1-4f362d2bc399,149,2023-06-25 21:39:59
aa187cb3-a744-4e5a-b107-d3d57e941ffc,892c280f-d076-46b5-96f1-4f362d2bc399,1499,2023-06-28 16:59:13
f247deec-1f0f-422d-aa49-3d5044e373eb,892c280f-d076-46b5-96f1-4f362d2bc399,1999,2023-06-29 07:15:46
e40345ad-932b-4f97-9b65-a9fcc04b704a,892c280f-d076-46b5-96f1-4f362d2bc399,1999,2023-06-30 00:32:56
64f48190-791e-4f9a-8770-a53a81222012,892c280f-d076-46b5-96f1-4f362d2bc399,10,2023-07-01 12:09:14
918a6c3b-7baa-4811-867a-9a99db8a289d,892c280f-d076-46b5-96f1-4f362d2bc399,1499,2023-07-09 20:14:04
6ab1b38f-ce08-46dd-a41e-28f68899e3db,3132a2b3-bbd1-4867-8207-2f1f84eb5e94,499,2023-07-10 12:38:41
0f91297a-1903-474e-aaeb-37a6bf9f1cee,3132a2b3-bbd1-4867-8207-2f1f84eb5e94,50,2023-07-17 16:38:39
b730d8d6-35d5-497e-8542-539dce9aa71c,7af66aab-3804-4f2f-aa97-aec7adbf5eaf,299,2023-09-04 07:52:57
59cf2e70-1c6b-4b2d-85ce-4d476874b277,7af66aab-3804-4f2f-aa97-aec7adbf5eaf,299,2023-09-10 17:51:42
620ba64d-db02-48c5-88f1-8b444bcd544f,b4893075-cc14-4626-a620-d0df7d623e1d,499,2023-09-29 13:38:57
b93ee762-37c3-4aab-938b-1dbe3ffb52d3,ccdc04c9-1c1a-4efd-9fb3-73ca4be14c3e,99,2023-05-25 11:29:47
b5f13036-0838-4009-849e-91139d1d43af,ebe01699-786c-4dc3-a2fc-5d7297c9e574,199,2023-10-16 23:59:09
91acea03-c345-4ef2-91bf-446d5adad4c2,f64820e6-b742-43ca-b2d0-0c134d52c769,1499,2023-12-19 10:55:25
116e7276-a50f-4879-8400-88cc9f65d8b0,aaaf4ba7-4152-45ad-80a2-67d8f430fa19,199,2023-08-08 14:27:03
41947ea6-b3e9-4d8d-a4b4-53aabaee06f4,0551e8e9-eb8f-40ae-bc46-952cc8345edb,199,2023-08-11 19:17:22
4cd42512-249a-4d35-985c-f460342f790c,f9bd1066-5b74-43db-99d5-2535053d3a05,99,2023-10-11 21:20:48
50329f5c-0f0e-4e01-820b-589e24758db1,f9bd1066-5b74-43db-99d5-2535053d3a05,25,2023-10-12 10:54:31
7859e83d-0797-43c3-9e13-e54061a61fbf,35d82c01-a3a0-41cb-bbdb-0e2278693066,99,2023-03-20 01:24:15
19abc5c8-7b4f-4a9b-8660-aa7252a83653,20d2c4d7-8858-448e-87d2-b3b7db986f21,99,2023-01-11 00:33:45
0ab16e21-fc9a-436f-9fa4-333256dc0365,dcc3ac49-3c8b-4195-a4a6-393b468312d9,299,2023-11-11 00:44:44
ad6a0d6d-7dcd-4ab8-9453-dac9ae28b8b1,dcc3ac49-3c8b-4195-a4a6-393b468312d9,10,2023-11-16 20:20:56
9776c7f0-ca46-44e0-9db1-9c1c4c20b060,3f18f7b7-22ce-4135-afd8-cd053d5942dc,25,2023-11-28 04:55:00
8b40a0b7-0c26-41e1-a016-98ca35b0cccf,3f18f7b7-22ce-4135-afd8-cd053d5942dc,50,2023-11-28 21:23:48
54b5e2d5-c381-4957-94b5-f481e55b08b9,7fa812ac-d2c5-41ed-902c-e59fcb0783a3,149,2023-10-29 10:51:06
d2e5637d-6739-433b-bc94-48cca65078bb,7fa812ac-d2c5-41ed-902c-e59fcb0783a3,25,2023-11-09 01:30:31
02aec3a6-32c5-4ec1-a9bd-58f1add14ccc,7fa812ac-d2c5-41ed-902c-e59fcb0783a3,299,2023-11-21 21:37:22
7ccf045d-1468-4e10-b1f2-8ef43c330464,4ed36210-2e59-4fdc-bd75-ec213b33a7cf,199,2023-03-21 21:50:45
5b770794-69e7-4e0b-bfee-11aa2a56d0d2,6710cf28-005a-4038-8d54-e69b4668ae7f,149,2023-05-22 19:35:16
6cb3aa72-6318-47e3-beac-49536ed56cda,8984075d-34e0-469e-9226-fa054983e082,25,2023-08-09 21:43:30
d14b6954-eb28-434f-b728-7e454e4c0382,e7cf9748-4e1d-46ba-87e3-2323a3c1f9dd,499,2023-06-07 08:44:09
2d010306-fe34-4fd9-90c1-8cccb3bf2a1d,2caa0164-fa75-4b08-a905-727b14f4d12b,199,2023-08-01 20:47:56
156d8623-6b1a-4579-9e65-be30cb915740,2caa0164-fa75-4b08-a905-727b14f4d12b,149,2023-08-07 11:27:16
104ec376-a565-42f9-aa9d-b28d0e48850a,9bb2e5f3-76be-4661-a071-99a0359bbd4e,1499,2023-03-27 17:03:44
223bb6fc-01f4-4301-8d17-c975279f7fba,9bb2e5f3-76be-4661-a071-99a0359bbd4e,199,2023-03-28 01:36:48
e1845075-2fcc-4cf9-bf1a-4ccfeca491e9,9bb2e5f3-76be-4661-a071-99a0359bbd4e,999,2023-04-01 04:54:34
17db2239-5a64-4bca-9868-a20b13f6998e,9bb2e5f3-76be-4661-a071-99a0359bbd4e,10,2023-04-03 16:11:31
9766410d-6ee6-4371-981a-2e10838d59aa,35261009-e48f-4508-bee9-c1dc515611e3,149,2023-02-16 16:35:46
649b79c1-4bf4-45ba-8d88-23a2e6d8f94b,35261009-e48f-4508-bee9-c1dc515611e3,50,2023-02-18 14:08:58
a013be08-06d9-4eb0-87a2-5f7c12afbf65,35261009-e48f-4508-bee9-c1dc515611e3,299,2023-02-22 04:02:37
3fd690b3-3251-4e35-a699-e0819853d4a8,35261009-e48f-4508-bee9-c1dc515611e3,99,2023-02-22 22:21:00
2a7fac05-91cb-4007-9648-d3c948a31c85,35261009-e48f-4508-bee9-c1dc515611e3,299,2023-03-02 19:51:59
6dc310cb-cc01-44c7-abba-8d56bdf470da,35261009-e48f-4508-bee9-c1dc515611e3,299,2023-03-11 01:48:25
4fcd0103-bc57-4c1a-bf1a-8602a93a74b6,35261009-e48f-4508-bee9-c1dc515611e3,999,2023-03-12 05:22:00
092935f5-3d15-456b-848f-eec0a26bf89f,d83d1fd6-1b9a-459c-a5da-b8489b644d67,299,2023-11-08 13:14:18
43af633d-3eac-4931-93c4-016a73252859,d83d1fd6-1b9a-459c-a5da-b8489b644d67,199,2023-11-10 17:32:00
c5f2242c-cb6a-449b-9601-46f13b1f1e05,d688362b-21b7-463f-9dd6-aa464684ff2f,999,2023-11-09 14:36:16
298325f6-2086-4614-b650-b889de41f125,d688362b-21b7-463f-9dd6-aa464684ff2f,50,2023-11-12 07:06:39
70d4fabb-65ab-4728-8d09-1e3f20b947f4,4f5be90d-801b-46a4-8590-e0a92acaea63,999,2023-11-01 02:09:46
cc7d0a39-740c-44cd-b7b8-f2de94832030,4f5be90d-801b-46a4-8590-e0a92acaea63,99,2023-11-05 23:07:51
0f8e5e5d-6feb-4428-8aa6-e26c7ebcb268,4f5be90d-801b-46a4-8590-e0a92acaea63,10,2023-11-15 10:30:13
f9f0b35e-caeb-4017-81dc-28f1312d5f47,36ba57b0-4bb1-4216-baec-a2c724e612e3,50,2023-01-29 17:51:43
b3142288-0163-4432-b8d1-d46989614be4,037fb344-3a47-4d21-98f8-aa505790e039,199,2023-07-20 12:15:39
b074b601-0221-46ac-9908-469ca30fad06,700ed739-51b8-4b8f-b393-aa032b27832b,499,2023-10-29 06:18:02
ba36a6ea-2022-4744-9a5d-d4119ad5b4bf,2d6a16a1-ecf1-4daf-91d6-101f4384b57c,50,2023-03-12 01:31:22
6123ffee-82f4-4c6a-8516-03e61764ce1c,2d6a16a1-ecf1-4daf-91d6-101f4384b57c,499,2023-03-14 09:09:07
09304895-f34b-420c-ab91-fa0ae699af6b,bdeef9a1-7469-4455-a495-84d3cee946df,10,2023-02-16 10:22:10
c281d915-37e5-4855-b521-8ad123f5dd5c,1a2a87d6-adbb-4078-8abc-612a09c1d133,99,2023-03-03 12:35:31
ebb5af0b-e7bb-4d44-aaa3-7263fd7b8e3b,1ecf82de-bd3e-4f45-88c3-72b844ffafeb,50,2023-01-21 12:22:45
e0dace38-c9ed-4eb6-8504-a9e3bc5cf678,31ca1143-4e0e-4bfb-b80a-8171a11c507f,1999,2023-11-12 12:06:30
7633c3b6-c0e9-4604-a19d-18d67e37200a,31ca1143-4e0e-4bfb-b80a-8171a11c507f,499,2023-11-21 13:45:55
a9ee020a-7e04-4d90-8b84-4f8bfc2fde90,31ca1143-4e0e-4bfb-b80a-8171a11c507f,1999,2023-11-26 23:28:55
2785b13a-a3b2-4410-84ff-94c5af25ae80,eda671bf-c9e3-4074-addd-9df91c516a97,299,2023-06-09 17:37:53
716c21c7-5d37-465b-8a71-7c3efdddb496,eda671bf-c9e3-4074-addd-9df91c516a97,50,2023-06-11 08:39:59
842b64ce-d20f-4efc-9cbe-90f07e769fc2,20c292a7-5aef-4d17-a4ea-2ed135940ff7,10,2023-07-09 21:48:13
b8b4d50f-9753-4cf8-bf86-3ba472519d7a,9a39f605-f26e-4cf8-9135-e0a468eaf459,499,2023-05-31 02:19:05
20907106-283b-4af3-8094-2c4dca17cac4,9a39f605-f26e-4cf8-9135-e0a468eaf459,299,2023-06-05 18:58:25
a0f4696c-f87e-47f6-9ad1-2cc54528b26f,9a39f605-f26e-4cf8-9135-e0a468eaf459,499,2023-06-07 02:27:50
6f97a88d-fd00-41f2-904e-7f67259d2843,b2d94405-e504-4c15-9b1b-823195307e06,1499,2023-11-22 08:11:25
08fd86c8-05df-4047-8845-e84345c48482,705c26ba-9e1b-440c-85cd-df7b304db850,299,2023-04-08 23:52:12
a3a79098-485d-4b51-aa62-9b3dd0c3374f,77e38504-8258-4823-baa1-b893189e86e3,199,2023-10-29 21:41:53
c53b36c5-e19e-4e6c-8b2d-b78de77ceba8,77e38504-8258-4823-baa1-b893189e86e3,25,2023-11-04 10:58:59
db0e0415-e1f1-4e13-b0a6-61b1bb9a4ca5,77e38504-8258-4823-baa1-b893189e86e3,50,2023-11-07 20:30:34
e286df5c-0b1d-48ba-b2f9-6beafeb65528,ea54e122-70bb-4ab8-8623-553723c9c181,499,2023-08-11 19:43:57
aeedb28f-17c3-4c0c-879c-e112c7fb3bf5,eba49097-8b19-422b-ad3a-b535fec16f91,149,2023-02-08 23:27:38
58af6d6c-431d-424f-8153-129deeb4ae17,dcc0c693-0e38-42e9-b6fa-bb9d1480bbd6,299,2023-04-29 07:31:16
feea351d-dcad-4907-aa97-204195670ba8,c06380cc-7868-4715-bd5b-9f2e1d2f3a6d,199,2023-11-03 22:40:24
05150423-d523-46e5-980e-7ccbf01f0214,e6bab7f3-0801-44c8-841a-5a5be7078685,149,2023-08-30 19:54:46
7c90c9ca-281f-4bb4-b445-14952a861721,c5fcf375-8088-49d0-9307-999b53eaa9a9,299,2023-11-29 18:36:26
109c16f8-0a44-4df0-b154-dc01522b8505,c5fcf375-8088-49d0-9307-999b53eaa9a9,499,2023-12-05 07:47:59
be4aff65-d258-4879-83ba-9156e2e15387,c5fcf375-8088-49d0-9307-999b53eaa9a9,1499,2023-12-05 12:00:40
d55b9562-444a-4e4d-8c72-9dad97e21f09,c5fcf375-8088-49d0-9307-999b53eaa9a9,999,2023-12-10 17:00:17
a8a294f3-07d7-40d4-943a-8858d50f46a9,c5fcf375-8088-49d0-9307-999b53eaa9a9,499,2023-12-12 16:45:55
32c1af9a-d27a-45b6-93cb-28ae0714fc88,3e38cff8-adf8-4513-9663-0fb7c21e63e0,499,2023-01-06 16:41:50
94fdc4dd-3329-49dc-9ff3-5b86d48c5ba6,c28d4924-2fa3-40c9-9b02-d30258ab4ca6,25,2023-12-23 03:09:45
041f89e7-d124-4275-9ce0-0c50554ed91c,280b66b3-edec-4ce4-a6db-a9e4134764b1,50,2023-04-30 06:15:32
8de3e055-be38-4e07-bea7-e00f646b9a81,73c06427-ccad-46cb-a7fe-044e28f289d1,149,2023-01-09 13:51:26
ab732a03-d2d8-427d-bad5-7ad7cbe7a1b4,73c06427-ccad-46cb-a7fe-044e28f289d1,299,2023-01-11 01:14:53
f8c3cf4f-8954-4776-9184-3a1f3e18c83c,73c06427-ccad-46cb-a7fe-044e28f289d1,199,2023-01-11 08:24:19
726dbf70-2d45-4498-aafa-88dbbe3a929b,73c06427-ccad-46cb-a7fe-044e28f289d1,25,2023-01-14 06:19:58
2d2e3818-e2dc-4b03-aa3d-b5003a1394da,c3c45a81-5b01-45df-8672-ead2a20d0c27,99,2023-03-05 14:40:18
7f687f7e-1166-4690-b453-0bc069cbf104,c3c45a81-5b01-45df-8672-ead2a20d0c27,199,2023-03-20 00:36:08
bab128b0-01bb-41a2-8138-5e32e78b2260,c3c45a81-5b01-45df-8672-ead2a20d0c27,10,2023-03-24 23:07:11
8292aa28-179c-4f91-a839-b3ddbe78054f,2c76f9e0-7b51-47ea-86fe-b8424b2a7534,10,2023-12-25 20:57:38
